Study_yr,stress_lv,age,cgpa,study_hr(h/w),credits_now,extra_curricular,curricular(h/w),part_time,part_time(h/w),avg_sleep(h/n),sleep_quality,anxiety_level,gender_female,gender_male,gender_unknown
3,4,23,3.71,12.0,12.0,1,4.0,1,6.0,5.0,4.0,3,False,True,False
3,3,21,3.76,8.0,12.0,0,0.0,1,17.5,6.0,3.0,4,True,False,False
2,5,20,3.7,17.5,11.6,0,0.0,0,0.0,8.0,5.0,5,True,False,False
1,5,23,4.0,12.0,16.0,1,6.0,0,0.0,6.0,5.0,3,False,True,False
3,4,22,3.45,24.5,12.5,1,6.0,0,0.0,4.0,6.0,4,True,False,False
2,4,22,2.86,8.0,11.5,0,0.0,0,0.0,6.0,7.0,4,False,True,False
3,5,25,3.37,12.0,15.0,0,0.0,0,0.0,6.0,4.0,4,False,True,False
3,5,23,3.14,17.5,15.0,0,0.0,0,0.0,6.0,8.0,5,False,True,False
2,3,22,3.3,8.0,21.0,0,0.0,1,9.5,5.0,3.0,3,False,True,False
3,5,23,3.45,3.0,14.5,0,0.0,1,2.0,4.0,5.0,5,True,False,False
4,5,25,3.33,8.0,11.0,1,4.0,0,0.0,5.0,4.0,5,False,True,False
3,5,22,3.42,24.5,11.5,0,0.0,0,0.0,5.0,4.0,5,True,False,False
3,4,23,3.45,8.0,13.5,0,0.0,1,2.0,5.0,6.0,4,False,True,False
3,5,23,3.25,3.0,14.0,0,0.0,0,0.0,7.0,1.0,1,True,False,False
2,3,22,3.45,12.0,11.0,1,4.0,1,9.5,8.0,10.0,5,True,False,False
3,5,21,3.6,8.0,12.0,0,0.0,1,13.5,5.0,5.0,4,False,True,False
3,5,23,3.45,12.0,12.0,1,4.0,1,17.5,6.0,8.0,4,True,False,False
2,5,21,3.45,32.5,9.5,0,0.0,0,0.0,4.0,1.0,5,True,False,False
4,5,24,3.45,8.0,11.0,0,0.0,1,21.5,6.0,7.0,3,False,True,False
3,4,22,3.45,8.0,12.0,1,4.0,0,0.0,6.0,1.0,4,False,True,False
3,5,22,3.45,12.0,12.0,1,4.0,0,0.0,5.0,5.0,5,True,False,False
3,5,22,3.62,24.5,12.0,0,0.0,0,0.0,5.0,7.0,5,True,False,False
2,5,22,3.96,12.0,20.0,0,0.0,1,9.5,6.0,5.0,5,True,False,False
3,3,22,3.45,12.0,14.0,1,6.0,1,5.5,4.0,1.0,4,True,False,False
2,4,22,3.45,3.0,15.0,0,0.0,1,2.0,6.0,7.0,3,True,False,False
4,5,25,3.71,8.0,15.0,0,0.0,1,2.0,4.0,3.0,3,False,True,False
2,3,23,3.45,3.0,14.0,1,4.0,1,9.5,8.0,10.0,5,False,True,False
3,5,21,3.88,17.5,12.5,1,4.0,1,5.5,3.0,4.0,4,True,False,False
3,3,23,3.45,3.0,15.0,0,0.0,0,0.0,6.0,6.0,3,False,True,False
2,5,22,3.75,3.0,14.0,0,0.0,1,9.5,6.0,3.0,5,False,True,False
3,4,22,3.45,3.0,12.0,1,4.0,1,21.5,7.0,7.0,4,False,True,False
2,4,22,2.96,12.0,14.0,1,6.0,0,0.0,5.0,6.0,4,False,True,False
4,5,24,3.45,3.0,12.0,1,4.0,1,5.5,3.0,1.0,5,False,True,False
2,2,22,3.45,3.0,14.0,0,0.0,0,0.0,6.0,8.0,3,False,True,False
3,5,23,0.0,3.0,9.0,1,4.0,0,0.0,6.0,1.0,5,True,False,False
1,2,21,3.83,3.0,9.0,0,0.0,0,0.0,7.0,9.0,2,False,True,False
3,4,23,3.45,24.5,15.0,0,0.0,1,5.5,4.0,3.0,2,False,True,False
3,5,22,3.45,8.0,10.0,0,0.0,1,9.5,5.0,4.0,5,True,False,False
1,5,20,3.45,8.0,9.0,1,4.0,0,0.0,7.0,7.0,5,True,False,False
4,4,25,3.45,8.0,15.0,1,4.0,0,0.0,7.0,7.0,4,False,True,False
3,2,23,3.14,32.5,12.0,1,10.0,0,0.0,8.0,10.0,1,False,True,False
2,5,22,3.75,3.0,15.0,0,0.0,0,0.0,6.0,7.0,5,False,True,False
2,5,21,3.45,3.0,14.0,0,0.0,0,0.0,5.0,7.0,2,True,False,False
3,5,23,3.0,3.0,12.5,1,6.0,1,2.0,6.0,5.0,5,True,False,False
2,5,22,3.45,8.0,11.6,1,4.0,0,0.0,7.0,5.0,4,False,True,False
4,4,23,3.45,3.0,12.0,1,14.0,0,0.0,8.0,10.0,1,False,True,False
3,3,24,4.0,3.0,12.0,0,0.0,0,0.0,5.0,4.0,1,False,True,False
1,2,22,3.45,17.5,12.0,1,4.0,0,0.0,6.0,4.0,4,True,False,False
3,5,60,3.45,3.0,12.0,1,4.0,1,13.5,6.0,5.0,5,False,False,True
3,5,24,3.86,3.0,15.0,1,4.0,1,9.5,4.0,1.0,1,False,True,False
3,5,22,3.9,12.0,12.0,1,6.0,1,13.5,4.0,5.0,5,False,True,False
2,4,23,3.45,17.5,14.0,1,4.0,1,9.5,6.0,10.0,3,False,True,False
3,4,24,3.75,3.0,12.0,0,0.0,0,0.0,5.0,2.0,4,False,True,False
1,4,23,0.0,24.5,12.5,1,6.0,0,0.0,3.0,3.0,4,False,True,False
3,5,23,3.45,12.0,9.0,0,0.0,0,0.0,8.0,8.0,5,False,True,False
4,5,23,3.45,45.0,0.0,0,0.0,1,9.5,5.0,3.0,5,False,True,False
3,5,22,3.45,12.0,12.5,1,4.0,0,0.0,4.0,4.0,4,False,True,False
2,4,22,3.45,8.0,13.0,1,4.0,0,0.0,7.0,10.0,3,False,True,False
2,3,21,3.45,8.0,19.5,1,4.0,0,0.0,8.0,8.0,4,True,False,False
3,5,22,3.88,8.0,12.0,1,4.0,0,0.0,4.0,3.0,5,False,True,False
3,1,22,3.45,3.0,11.0,1,4.0,1,5.5,7.0,7.0,3,False,True,False
3,1,24,3.45,3.0,12.0,1,6.0,0,0.0,4.0,3.0,1,False,True,False
3,5,22,3.45,3.0,15.0,1,4.0,1,9.5,6.0,1.0,5,False,True,False
3,4,23,3.45,12.0,10.0,0,0.0,0,0.0,6.0,5.0,3,True,False,False
3,5,24,3.02,3.0,12.5,0,0.0,0,0.0,4.0,4.0,4,True,False,False
3,4,21,3.45,3.0,12.0,0,0.0,0,0.0,4.0,1.0,4,True,False,False
2,3,22,3.1,8.0,19.5,1,8.0,0,0.0,6.0,7.0,3,False,True,False
3,3,22,3.45,8.0,12.0,0,0.0,0,0.0,6.0,8.0,3,True,False,False
4,3,25,3.45,8.0,12.0,1,4.0,1,9.5,7.0,8.0,4,True,False,False
2,4,23,3.45,3.0,13.0,0,0.0,0,0.0,8.0,3.0,3,True,False,False
4,4,23,3.45,3.0,12.0,1,8.0,0,0.0,4.0,6.0,3,False,True,False
4,4,24,3.5,24.5,15.0,1,8.0,0,0.0,6.0,5.0,4,False,True,False
4,3,24,3.45,17.5,13.0,0,0.0,1,21.5,5.0,6.0,4,False,True,False
3,5,23,3.6,8.0,14.0,0,0.0,1,21.5,6.0,7.0,5,False,True,False
3,4,22,3.43,3.0,20.0,0,0.0,1,9.5,6.0,6.0,1,False,True,False
3,4,23,3.62,12.0,13.0,1,4.0,0,0.0,5.0,7.0,3,True,False,False
2,4,20,3.22,8.0,20.0,0,0.0,0,0.0,6.0,5.0,5,True,False,False
3,5,23,3.45,8.0,12.5,1,4.0,1,9.5,5.0,4.0,4,False,True,False
3,5,22,2.69,12.0,13.0,0,0.0,0,0.0,5.0,6.0,5,True,False,False
3,5,22,3.45,32.5,11.6,0,0.0,1,17.5,7.0,7.0,1,True,False,False
2,5,22,2.9,3.0,18.0,1,4.0,1,9.5,6.0,10.0,5,False,True,False
3,5,24,3.45,3.0,12.0,0,0.0,0,0.0,6.0,4.0,5,True,False,False
2,5,22,3.38,3.0,14.0,0,0.0,0,0.0,6.0,7.0,5,False,True,False
3,4,23,2.63,8.0,9.0,1,6.0,0,0.0,5.0,5.0,3,False,True,False
3,4,23,3.45,8.0,9.0,1,6.0,1,9.5,6.0,6.0,3,False,True,False
4,2,25,3.45,8.0,9.0,1,4.0,0,0.0,6.0,5.0,3,False,True,False
3,1,24,3.35,3.0,20.0,1,4.0,1,21.5,5.0,7.0,1,False,True,False
1,3,20,3.83,3.0,9.0,0,0.0,0,0.0,3.0,10.0,3,False,True,False
3,5,23,3.68,8.0,22.0,1,4.0,1,21.5,5.0,1.0,3,False,True,False
3,4,23,3.45,12.0,21.0,1,4.0,0,0.0,6.0,7.0,4,False,True,False
3,3,24,3.7,8.0,19.0,1,14.0,1,21.5,3.0,1.0,5,False,True,False
2,3,25,3.08,32.5,13.0,1,6.0,1,2.0,7.0,8.0,4,False,True,False
3,3,25,3.45,8.0,12.0,0,0.0,0,0.0,7.0,10.0,4,False,True,False
3,3,24,3.2,8.0,20.0,0,0.0,1,21.5,5.0,5.0,5,False,True,False
3,3,22,3.01,3.0,11.6,1,4.0,0,0.0,8.0,10.0,5,True,False,False
3,3,25,3.45,8.0,12.0,1,6.0,0,0.0,7.0,5.0,3,False,True,False
4,4,22,3.45,17.5,0.0,1,6.0,0,0.0,6.0,7.0,2,True,False,False
3,4,22,3.45,8.0,12.0,1,6.0,1,17.5,5.0,4.0,3,False,True,False
3,5,25,4.0,12.0,12.0,1,4.0,1,21.5,6.0,7.0,2,False,True,False
3,5,22,3.45,3.0,22.0,0,0.0,0,0.0,8.0,5.0,5,False,True,False
3,4,23,3.79,24.5,14.0,1,6.0,1,5.5,5.0,5.0,4,False,True,False
3,3,23,3.27,17.5,19.75,0,0.0,1,13.5,6.0,4.0,2,False,True,False
4,4,24,3.1,3.0,11.0,0,0.0,1,9.5,5.0,4.0,5,False,True,False
3,1,21,3.29,8.0,9.0,0,0.0,0,0.0,4.0,10.0,1,False,True,False
3,5,23,3.0,3.0,14.0,1,4.0,0,0.0,6.0,5.0,4,False,True,False
3,2,26,3.22,17.5,0.0,1,6.0,1,13.5,7.0,7.0,2,False,True,False
4,4,24,3.41,3.0,11.6,0,0.0,1,17.5,8.0,5.0,4,False,True,False
3,5,23,4.0,45.0,18.0,1,14.0,0,0.0,8.0,6.0,5,True,False,False
3,4,22,3.82,8.0,12.0,0,0.0,1,2.0,5.0,5.0,3,False,True,False
3,4,23,3.45,32.5,12.0,0,0.0,0,0.0,5.0,3.0,5,True,False,False
3,4,26,3.45,12.0,10.0,1,14.0,1,2.0,7.0,6.0,2,False,True,False
3,5,22,3.68,12.0,12.0,0,0.0,1,9.5,4.0,5.0,5,True,False,False
3,5,23,3.45,17.5,12.0,0,0.0,1,2.0,6.0,6.0,4,False,True,False
3,4,24,3.45,17.5,11.0,1,4.0,1,5.5,4.0,4.0,5,False,True,False
4,4,25,3.45,32.5,11.0,1,6.0,1,21.5,6.0,7.0,3,False,True,False
4,5,23,3.45,8.0,12.0,1,8.0,1,21.5,6.0,8.0,5,False,True,False
4,5,22,3.67,38.0,12.0,1,6.0,1,13.5,3.0,2.0,4,False,True,False
3,5,21,3.78,17.5,11.0,1,4.0,1,13.5,6.0,6.0,5,False,True,False
3,5,23,2.67,3.0,11.5,1,4.0,1,21.5,5.0,5.0,3,False,True,False
4,2,23,3.45,8.0,11.6,0,0.0,0,0.0,7.0,2.0,1,True,False,False
3,3,22,3.45,3.0,11.0,0,0.0,1,9.5,8.0,8.0,2,True,False,False
3,3,24,3.45,3.0,9.0,1,6.0,0,0.0,6.0,5.0,3,False,True,False
3,5,23,3.45,24.5,12.0,1,6.0,1,5.5,5.0,5.0,5,False,True,False
3,5,23,3.45,8.0,12.0,1,4.0,0,0.0,6.0,8.0,4,False,True,False
4,2,24,3.4,8.0,14.0,1,8.0,1,2.0,8.0,4.0,2,False,True,False
3,3,23,3.25,12.0,11.5,0,0.0,0,0.0,6.0,8.0,3,False,True,False
3,1,22,3.45,3.0,11.0,0,0.0,0,0.0,4.0,1.0,1,False,True,False
4,5,24,3.45,3.0,12.0,0,0.0,0,0.0,4.0,5.0,4,False,True,False
2,1,22,3.85,8.0,12.0,0,0.0,1,13.5,6.0,7.0,1,False,True,False
3,4,22,3.45,12.0,12.0,0,0.0,1,5.5,6.0,5.0,3,True,False,False
3,3,23,3.45,12.0,11.6,0,0.0,0,0.0,5.0,4.0,4,True,False,False
4,5,24,3.0,32.5,11.0,1,4.0,1,9.5,7.0,6.0,4,False,True,False
3,5,22,3.45,12.0,11.0,0,0.0,1,9.5,6.0,5.0,5,True,False,False
1,3,20,3.45,38.0,10.0,1,6.0,0,0.0,7.0,8.0,4,False,True,False
4,5,22,2.56,8.0,12.0,1,4.0,1,5.5,6.0,4.0,5,False,True,False
2,4,21,3.45,17.5,13.0,1,4.0,1,21.5,4.0,3.0,2,True,False,False
3,5,23,3.45,12.0,12.0,0,0.0,1,13.5,5.0,4.0,4,True,False,False
1,4,20,3.45,12.0,10.0,0,0.0,0,0.0,4.0,4.0,4,False,True,False
1,3,22,3.45,17.5,10.5,0,0.0,0,0.0,7.0,8.0,4,False,True,False
1,4,22,3.85,12.0,11.5,0,0.0,0,0.0,3.0,5.0,3,False,True,False
1,4,21,3.45,24.5,10.0,0,0.0,0,0.0,4.0,4.0,1,False,True,False
1,5,21,3.95,8.0,13.0,0,0.0,1,2.0,4.0,2.0,4,True,False,False
1,3,21,3.45,17.5,13.0,1,4.0,0,0.0,8.0,7.0,3,False,True,False
3,5,21,3.45,3.0,12.0,0,0.0,0,0.0,5.0,3.0,5,False,True,False
1,5,21,3.45,24.5,13.0,0,0.0,0,0.0,4.0,5.0,2,True,False,False
4,4,24,3.45,8.0,19.0,1,4.0,1,5.5,6.0,5.0,4,False,True,False
1,4,19,2.5,8.0,11.5,1,4.0,0,0.0,5.0,4.0,4,False,True,False
1,3,22,3.45,3.0,10.5,0,0.0,0,0.0,5.0,4.0,3,False,True,False
1,4,20,3.45,24.5,11.5,0,0.0,0,0.0,8.0,8.0,5,True,False,False
1,4,21,3.45,12.0,10.0,1,4.0,0,0.0,5.0,6.0,3,False,True,False
2,5,20,3.45,8.0,19.0,1,4.0,0,0.0,7.0,8.0,2,False,True,False
1,4,20,3.45,45.0,3.0,1,4.0,0,0.0,7.0,5.0,5,False,True,False
1,3,21,3.66,12.0,11.0,1,4.0,0,0.0,5.0,5.0,3,False,True,False
1,3,21,3.45,65.5,13.0,1,6.0,0,0.0,5.0,5.0,2,False,True,False
1,3,20,3.45,38.0,11.5,1,4.0,0,0.0,7.0,9.0,4,True,False,False
1,5,20,3.5,3.0,11.6,1,4.0,0,0.0,5.0,6.0,5,False,True,False
1,4,19,3.45,3.0,10.5,0,0.0,1,5.5,7.0,7.0,4,True,False,False
1,4,20,3.56,3.0,10.5,0,0.0,1,17.5,5.0,7.0,3,True,False,False
3,2,22,2.68,3.0,18.0,1,6.0,1,2.0,8.0,10.0,5,False,True,False
1,3,22,3.45,3.0,15.0,0,0.0,0,0.0,5.0,5.0,4,False,True,False
1,4,21,3.45,3.0,9.0,0,0.0,1,2.0,5.0,4.0,5,True,False,False
1,3,20,3.45,3.0,11.0,0,0.0,0,0.0,5.0,5.0,4,False,True,False
1,4,20,3.45,12.0,11.0,1,8.0,0,0.0,6.0,4.0,4,False,True,False
1,5,21,3.45,8.0,11.0,0,0.0,0,0.0,6.0,1.0,1,False,True,False
1,3,21,3.45,3.0,11.0,0,0.0,1,2.0,5.0,5.0,3,False,True,False
1,3,21,3.45,3.0,11.0,1,4.0,1,13.5,6.0,9.0,1,False,True,False
1,4,20,3.45,17.5,11.0,0,0.0,0,0.0,4.0,10.0,4,False,True,False
3,5,22,3.5,3.0,13.0,0,0.0,1,2.0,5.0,2.0,4,True,False,False
1,4,20,3.45,8.0,10.0,0,0.0,0,0.0,5.0,3.0,4,False,True,False
3,5,23,3.72,12.0,13.0,1,4.0,0,0.0,7.0,7.0,3,False,True,False
1,5,22,3.45,3.0,10.0,0,0.0,0,0.0,6.0,7.0,5,True,False,False
4,4,22,3.43,8.0,13.0,0,0.0,1,5.5,6.0,6.0,4,True,False,False
2,5,22,3.45,12.0,0.0,1,10.0,1,28.5,5.0,6.0,3,False,True,False
3,5,23,3.45,24.5,10.0,0,0.0,1,2.0,5.0,3.0,4,True,False,False
3,3,22,3.21,8.0,9.0,0,0.0,0,0.0,7.0,10.0,2,True,False,False
2,5,22,3.98,8.0,13.5,0,0.0,0,0.0,6.0,7.0,5,False,True,False
2,5,23,3.45,24.5,9.0,1,4.0,0,0.0,8.0,8.0,5,True,False,False
3,4,23,3.37,3.0,9.0,1,4.0,0,0.0,3.0,7.0,1,False,True,False
4,5,24,3.4,17.5,12.0,0,0.0,0,0.0,6.0,1.0,5,False,True,False
4,5,23,3.7,8.0,12.0,0,0.0,1,17.5,3.0,10.0,3,True,False,False
4,3,23,2.65,3.0,20.0,1,10.0,0,0.0,7.0,5.0,2,True,False,False
2,3,20,3.45,12.0,9.0,0,0.0,0,0.0,4.0,5.0,3,True,False,False
1,5,22,3.75,17.5,9.0,0,0.0,1,2.0,8.0,1.0,5,True,False,False
1,5,21,3.93,65.5,9.0,1,6.0,0,0.0,5.0,5.0,5,True,False,False
1,4,22,3.66,8.0,11.5,0,0.0,0,0.0,4.0,3.0,5,False,True,False
1,3,20,3.45,3.0,9.0,0,0.0,0,0.0,8.0,3.0,3,False,True,False
2,4,21,3.45,8.0,11.6,1,4.0,0,0.0,6.0,7.0,4,True,False,False
4,4,23,3.45,12.0,9.0,0,0.0,1,2.0,7.0,8.0,3,True,False,False
1,5,22,3.45,17.5,12.0,1,4.0,0,0.0,5.0,3.0,5,False,False,True
1,5,22,3.38,3.0,13.0,0,0.0,1,9.5,7.0,9.0,5,False,True,False
1,5,22,3.3,3.0,9.0,0,0.0,1,2.0,3.0,5.0,1,False,False,True
2,4,21,3.3,3.0,9.0,0,0.0,0,0.0,6.0,8.0,3,True,False,False
2,4,22,3.44,3.0,3.0,1,4.0,0,0.0,8.0,6.0,3,True,False,False
1,5,22,3.52,8.0,14.0,0,0.0,1,5.5,5.0,5.0,4,True,False,False
1,3,21,3.45,24.5,13.0,0,0.0,0,0.0,6.0,5.0,3,True,False,False
4,5,24,3.95,12.0,12.0,0,0.0,0,0.0,7.0,7.0,5,True,False,False
1,4,21,3.53,3.0,12.0,0,0.0,1,5.5,6.0,7.0,3,True,False,False
2,5,25,3.65,3.0,12.0,1,4.0,0,0.0,6.0,6.0,3,True,False,False
2,3,22,3.45,17.5,11.6,1,4.0,1,9.5,6.0,7.0,3,True,False,False
2,3,23,3.5,3.0,14.0,1,4.0,0,0.0,4.0,2.0,2,True,False,False
1,4,21,3.58,8.0,9.0,0,0.0,1,5.5,5.0,1.0,5,True,False,False
1,5,21,3.45,3.0,0.0,1,8.0,1,9.5,3.0,1.0,5,True,False,False
1,3,21,3.94,3.0,10.0,1,4.0,1,13.5,6.0,8.0,2,False,True,False
3,5,22,3.6,3.0,12.0,1,4.0,1,17.5,5.0,1.0,5,False,True,False
4,5,24,2.54,38.0,15.0,0,0.0,1,2.0,5.0,4.0,5,False,True,False
4,5,24,2.5,12.0,15.0,0,0.0,0,0.0,7.0,5.0,5,False,True,False
2,3,22,3.74,45.0,12.0,1,4.0,1,2.0,5.0,5.0,4,True,False,False
1,1,20,3.45,24.5,10.5,0,0.0,1,5.5,6.0,10.0,1,False,True,False
2,5,22,3.5,3.0,11.6,1,4.0,1,2.0,3.0,1.0,1,True,False,False
1,5,20,3.45,8.0,9.0,1,8.0,1,2.0,3.0,9.0,2,False,True,False
1,5,35,5.0,65.5,6.0,1,10.0,1,28.5,8.0,9.0,3,False,False,True
1,4,20,3.45,3.0,3.0,1,4.0,0,0.0,5.0,4.0,5,True,False,False
1,5,20,3.45,17.5,9.0,1,4.0,1,5.5,6.0,6.0,5,True,False,False
2,5,20,3.45,45.0,20.0,1,4.0,0,0.0,6.0,5.0,5,True,False,False
2,3,21,3.2,8.0,0.0,1,4.0,0,0.0,6.0,5.0,2,True,False,False
1,4,22,3.45,24.5,9.0,1,8.0,1,13.5,6.0,7.0,2,False,True,False
2,4,21,3.88,3.0,9.0,1,8.0,1,5.5,6.0,7.0,4,True,False,False
1,2,21,3.86,3.0,12.0,1,8.0,0,0.0,5.0,7.0,1,True,False,False
2,4,22,4.0,8.0,14.5,1,6.0,1,13.5,6.0,7.0,3,False,True,False
2,1,21,3.5,3.0,9.0,1,14.0,0,0.0,7.0,6.0,4,False,True,False
4,5,25,3.45,3.0,13.0,1,14.0,0,0.0,4.0,4.0,1,True,False,False
4,4,24,3.45,8.0,22.0,0,0.0,1,21.5,4.0,4.0,5,False,True,False
3,5,23,3.3,8.0,21.0,1,4.0,0,0.0,4.0,5.0,5,False,True,False
3,5,23,3.9,12.0,22.0,0,0.0,0,0.0,7.0,8.0,5,True,False,False
3,5,23,3.76,12.0,21.0,0,0.0,0,0.0,5.0,3.0,4,True,False,False
1,5,21,3.0,3.0,9.0,1,6.0,0,0.0,3.0,4.0,5,True,False,False
1,5,20,3.67,8.0,0.0,0,0.0,1,2.0,5.0,3.0,5,True,False,False
1,5,21,3.45,8.0,9.0,0,0.0,0,0.0,5.0,4.0,4,True,False,False
2,3,22,3.74,32.5,9.0,1,6.0,0,0.0,6.0,4.0,4,False,True,False
2,4,22,3.45,12.0,12.0,1,6.0,1,9.5,5.0,7.0,4,False,True,False
2,5,21,3.88,12.0,11.0,1,10.0,0,0.0,4.0,4.0,3,False,True,False
3,5,23,3.1,8.0,15.0,0,0.0,1,2.0,4.0,5.0,5,False,True,False
3,3,22,3.45,3.0,12.5,0,0.0,0,0.0,8.0,10.0,5,True,False,False
3,4,24,3.45,3.0,15.0,0,0.0,1,2.0,8.0,4.0,5,False,True,False
3,4,22,3.28,17.5,13.0,0,0.0,1,9.5,5.0,4.0,5,False,True,False
4,3,25,3.32,3.0,12.0,0,0.0,1,5.5,7.0,7.0,2,False,True,False
4,5,23,3.78,3.0,9.0,1,4.0,1,2.0,5.0,5.0,5,False,True,False
2,4,23,3.45,32.5,10.0,1,4.0,1,28.5,5.0,4.0,3,False,True,False
4,5,25,3.45,65.5,11.6,1,14.0,1,28.5,8.0,10.0,5,False,True,False
3,3,22,3.08,32.5,9.0,1,10.0,1,9.5,6.0,8.0,3,False,True,False
1,3,20,3.45,3.0,10.0,0,0.0,0,0.0,5.0,1.0,2,False,True,False
4,5,24,3.45,17.5,15.0,0,0.0,0,0.0,5.0,4.0,3,False,True,False
1,4,21,3.46,8.0,9.0,1,10.0,0,0.0,5.0,5.0,2,False,True,False
3,4,21,3.5,3.0,21.0,1,14.0,0,0.0,4.0,2.0,1,False,True,False
1,4,21,3.05,3.0,9.0,1,4.0,0,0.0,5.0,4.0,4,False,True,False
2,4,20,3.45,12.0,11.5,1,4.0,0,0.0,6.0,8.0,3,False,True,False
2,5,22,3.45,12.0,11.5,1,4.0,1,2.0,4.0,10.0,1,False,True,False
4,5,26,3.87,24.5,12.0,1,8.0,1,25.5,5.0,2.0,5,False,True,False
4,4,26,2.83,3.0,9.0,1,4.0,1,5.5,4.0,5.0,5,False,True,False
2,3,23,3.45,3.0,9.0,0,0.0,1,5.5,7.0,7.0,1,False,True,False
3,3,21,3.45,8.0,15.0,1,10.0,1,9.5,6.0,6.0,3,False,True,False
1,4,19,3.45,17.5,15.0,0,0.0,0,0.0,7.0,10.0,3,False,True,False
2,5,22,3.5,3.0,10.0,0,0.0,1,5.5,4.0,5.0,3,False,True,False
3,3,23,3.2,12.0,11.0,1,4.0,1,13.5,7.0,8.0,4,False,True,False
3,5,23,3.45,17.5,11.5,0,0.0,1,9.5,8.0,5.0,5,True,False,False
3,4,23,3.74,12.0,12.0,1,4.0,1,13.5,4.0,4.0,5,False,True,False
3,3,22,3.45,12.0,11.5,1,4.0,1,9.5,6.0,5.0,3,False,True,False
4,5,24,3.47,55.5,13.0,1,4.0,1,9.5,5.0,5.0,4,False,True,False
3,4,22,3.45,3.0,20.0,0,0.0,0,0.0,4.0,1.0,5,True,False,False
4,3,23,3.45,12.0,11.0,0,0.0,0,0.0,6.0,7.0,1,False,True,False
1,4,21,3.45,24.5,11.0,0,0.0,1,5.5,6.0,5.0,5,False,True,False
1,5,19,3.45,8.0,11.0,1,4.0,0,0.0,6.0,6.0,5,True,False,False
1,4,21,3.45,24.5,12.0,0,0.0,1,13.5,6.0,6.0,4,False,True,False
2,4,21,2.86,3.0,11.5,1,6.0,0,0.0,6.0,7.0,4,False,True,False
1,5,20,3.45,12.0,11.5,0,0.0,1,13.5,7.0,2.0,3,True,False,False
3,5,25,2.96,3.0,1.5,1,4.0,0,0.0,6.0,4.0,5,False,True,False
1,2,20,3.45,8.0,11.0,0,0.0,1,5.5,8.0,5.0,2,True,False,False
1,2,23,3.45,3.0,9.0,1,10.0,0,0.0,7.0,8.0,1,False,True,False
1,5,20,3.45,8.0,9.0,1,8.0,0,0.0,8.0,10.0,5,True,False,False
1,3,21,3.45,8.0,9.0,0,0.0,0,0.0,5.0,4.0,3,False,True,False
2,3,23,3.72,8.0,10.0,0,0.0,0,0.0,7.0,6.0,4,False,True,False
1,1,21,3.69,3.0,9.0,0,0.0,0,0.0,5.0,2.0,4,False,True,False
1,4,20,3.45,3.0,10.0,0,0.0,0,0.0,7.0,9.0,4,True,False,False
2,1,22,3.45,8.0,9.0,1,6.0,1,5.5,7.0,6.0,4,True,False,False
1,3,21,3.45,38.0,9.0,0,0.0,0,0.0,6.0,7.0,1,True,False,False
2,5,22,3.36,32.5,20.0,0,0.0,0,0.0,6.0,6.0,3,True,False,False
1,4,21,3.45,3.0,10.5,0,0.0,0,0.0,6.0,2.0,3,True,False,False
1,3,20,3.45,8.0,9.0,1,4.0,0,0.0,6.0,5.0,3,True,False,False
4,5,22,3.45,3.0,11.5,0,0.0,1,5.5,5.0,2.0,5,True,False,False
4,5,25,3.45,3.0,12.0,0,0.0,1,5.5,4.0,5.0,5,True,False,False
1,3,21,3.19,3.0,21.0,0,0.0,0,0.0,8.0,4.0,3,True,False,False
3,5,23,3.25,3.0,9.0,1,4.0,1,5.5,7.0,6.0,2,True,False,False
2,3,23,3.45,3.0,12.0,1,4.0,1,9.5,3.0,1.0,2,False,True,False
1,3,22,3.45,12.0,10.5,0,0.0,0,0.0,6.0,6.0,4,True,False,False
2,3,22,3.45,8.0,22.0,0,0.0,0,0.0,6.0,6.0,3,False,True,False
1,3,21,2.67,3.0,9.0,1,4.0,0,0.0,6.0,8.0,1,False,True,False
3,4,22,2.56,17.5,9.0,0,0.0,1,9.5,6.0,5.0,5,True,False,False
3,4,24,3.05,3.0,20.0,0,0.0,0,0.0,5.0,7.0,2,True,False,False
2,3,22,3.45,12.0,20.0,1,4.0,1,2.0,5.0,5.0,3,True,False,False
1,4,21,3.21,24.5,9.0,0,0.0,1,9.5,5.0,5.0,4,False,True,False
2,4,22,3.45,3.0,20.0,0,0.0,1,13.5,5.0,6.0,4,True,False,False
2,3,23,3.93,12.0,20.0,1,6.0,0,0.0,6.0,6.0,3,True,False,False
3,5,23,3.45,8.0,9.5,0,0.0,1,2.0,7.0,3.0,3,True,False,False
2,4,22,3.17,8.0,9.0,0,0.0,1,9.5,8.0,10.0,1,True,False,False
3,5,24,3.45,24.5,13.0,1,6.0,1,5.5,3.0,1.0,5,False,True,False
1,2,20,3.45,8.0,9.0,0,0.0,0,0.0,6.0,7.0,4,True,False,False
1,5,21,3.45,24.5,13.0,1,4.0,0,0.0,3.0,1.0,5,True,False,False
2,5,22,3.5,65.5,9.0,1,4.0,0,0.0,8.0,10.0,5,False,True,False
3,5,23,3.63,12.0,19.0,0,0.0,1,13.5,5.0,6.0,3,True,False,False
3,5,23,3.68,12.0,19.0,0,0.0,1,5.5,6.0,6.0,3,True,False,False
2,5,23,3.45,3.0,13.0,0,0.0,1,17.5,5.0,6.0,5,True,False,False
3,3,23,3.45,3.0,9.0,0,0.0,0,0.0,6.0,4.0,3,False,False,True
2,5,23,3.74,3.0,13.0,0,0.0,0,0.0,5.0,1.0,4,False,True,False
3,4,25,3.45,8.0,12.0,1,14.0,1,28.5,7.0,9.0,3,False,True,False
3,3,25,3.45,12.0,12.0,1,4.0,1,5.5,6.0,5.0,5,True,False,False
4,4,24,2.73,12.0,9.0,0,0.0,0,0.0,3.0,4.0,5,True,False,False
3,5,22,3.45,12.0,19.0,1,4.0,1,25.5,6.0,3.0,3,True,False,False
3,5,22,3.45,3.0,11.0,0,0.0,1,21.5,5.0,3.0,3,False,True,False
3,4,22,3.45,32.5,13.0,1,4.0,0,0.0,6.0,5.0,5,True,False,False
1,5,23,3.45,3.0,10.0,1,6.0,0,0.0,5.0,3.0,5,False,True,False
1,4,21,3.75,12.0,10.0,0,0.0,1,13.5,7.0,10.0,4,False,True,False
1,3,21,3.45,12.0,16.0,1,4.0,0,0.0,6.0,8.0,1,False,True,False
1,3,20,3.45,12.0,16.0,1,4.0,0,0.0,5.0,5.0,5,False,True,False
2,5,23,3.45,12.0,10.0,1,4.0,1,17.5,7.0,8.0,3,False,True,False
1,4,22,3.94,8.0,10.0,1,4.0,0,0.0,6.0,1.0,4,True,False,False
4,4,24,3.73,17.5,3.83,1,4.0,1,13.5,5.0,4.0,4,False,True,False
3,3,23,3.45,8.0,10.0,1,4.0,1,9.5,6.0,6.0,4,True,False,False
1,3,20,3.45,17.5,10.0,1,8.0,0,0.0,5.0,4.0,2,False,True,False
4,2,23,3.69,3.0,17.0,1,4.0,1,9.5,6.0,8.0,3,False,True,False
4,5,24,3.45,3.0,0.0,1,4.0,0,0.0,4.0,4.0,2,False,True,False
1,3,22,3.93,8.0,12.0,1,4.0,1,13.5,4.0,1.0,4,True,False,False
2,5,22,2.81,17.5,11.0,1,4.0,0,0.0,6.0,5.0,4,False,True,False
2,5,22,3.33,3.0,11.0,1,4.0,0,0.0,4.0,4.0,2,False,True,False
1,3,22,3.45,24.5,12.0,1,4.0,0,0.0,6.0,5.0,2,True,False,False
1,2,19,3.45,3.0,10.0,0,0.0,0,0.0,5.0,4.0,5,False,True,False
1,5,23,3.2,3.0,11.5,0,0.0,1,5.5,4.0,2.0,1,False,True,False
2,5,22,3.47,8.0,11.0,1,4.0,0,0.0,3.0,2.0,5,False,True,False
1,3,21,3.45,3.0,10.5,0,0.0,1,9.5,5.0,5.0,2,False,True,False
2,5,23,3.45,17.5,12.0,1,6.0,1,13.5,5.0,5.0,4,True,False,False
1,4,24,3.45,3.0,11.6,1,4.0,0,0.0,8.0,7.0,3,False,True,False
2,4,22,3.68,8.0,12.0,1,4.0,0,0.0,6.0,8.0,4,True,False,False
2,3,23,3.7,3.0,12.0,1,8.0,1,5.5,6.0,6.0,3,True,False,False
1,5,21,3.5,8.0,9.0,1,6.0,0,0.0,8.0,7.0,4,False,True,False
1,4,20,3.68,3.0,9.0,1,4.0,0,0.0,7.0,7.0,2,False,True,False
1,5,22,3.45,3.0,9.0,1,4.0,0,0.0,3.0,1.0,3,True,False,False
1,5,22,3.0,3.0,9.0,1,4.0,1,5.5,8.0,2.0,5,False,True,False
3,4,23,3.45,3.0,11.0,0,0.0,1,5.5,6.0,6.0,4,False,True,False
1,5,21,3.45,12.0,10.5,1,6.0,0,0.0,4.0,3.0,5,True,False,False
3,3,25,3.45,3.0,13.0,1,4.0,0,0.0,3.0,4.0,3,False,True,False
2,1,23,4.0,65.5,11.6,1,8.0,1,13.5,3.0,2.0,1,False,True,False
2,5,22,3.8,24.5,11.0,1,8.0,1,17.5,7.0,10.0,4,False,True,False
3,4,25,3.5,3.0,10.0,1,6.0,0,0.0,5.0,5.0,1,False,True,False
3,1,21,3.45,3.0,11.0,0,0.0,0,0.0,8.0,10.0,1,False,True,False
3,5,23,3.45,3.0,11.0,0,0.0,0,0.0,8.0,8.0,4,False,True,False
3,5,22,3.45,3.0,11.0,0,0.0,1,2.0,5.0,3.0,5,False,True,False
4,5,23,3.12,17.5,9.0,1,4.0,1,2.0,4.0,1.0,5,True,False,False
3,5,22,3.45,65.5,12.0,1,14.0,1,28.5,8.0,1.0,5,False,True,False
4,4,23,3.56,3.0,9.0,0,0.0,1,5.5,4.0,1.0,4,True,False,False
1,5,20,3.45,3.0,0.0,0,0.0,0,0.0,4.0,5.0,2,False,True,False
1,4,20,3.45,3.0,11.0,0,0.0,1,5.5,5.0,4.0,5,True,False,False
1,5,23,3.45,17.5,11.0,1,4.0,0,0.0,5.0,1.0,4,False,True,False
4,5,24,3.45,17.5,9.0,0,0.0,0,0.0,5.0,4.0,5,True,False,False
1,4,21,3.33,17.5,12.0,1,4.0,0,0.0,4.0,3.0,5,False,True,False
3,5,22,3.45,24.5,12.0,1,4.0,1,5.5,6.0,6.0,4,True,False,False
1,2,20,3.45,12.0,9.0,1,4.0,1,17.5,6.0,5.0,3,False,True,False
1,5,22,3.45,3.0,11.0,0,0.0,0,0.0,3.0,1.0,5,False,True,False
3,5,21,3.06,12.0,11.6,1,6.0,1,9.5,6.0,5.0,3,False,True,False
1,4,21,3.78,3.0,13.0,1,4.0,1,9.5,5.0,2.0,1,False,True,False
1,5,22,3.46,24.5,9.0,0,0.0,0,0.0,5.0,3.0,4,False,True,False
1,5,20,3.86,65.5,9.0,1,4.0,0,0.0,4.0,5.0,4,True,False,False
1,4,20,3.92,8.0,18.0,0,0.0,1,5.5,8.0,9.0,5,True,False,False
3,3,23,3.45,3.0,9.0,1,4.0,1,5.5,5.0,4.0,1,False,True,False
1,1,20,3.45,12.0,9.0,0,0.0,0,0.0,4.0,2.0,2,False,True,False
1,4,18,3.45,12.0,9.0,0,0.0,0,0.0,7.0,5.0,1,False,True,False
1,4,19,3.45,8.0,9.0,1,4.0,0,0.0,5.0,5.0,3,False,True,False
4,4,24,3.45,8.0,12.0,1,4.0,0,0.0,6.0,5.0,3,False,True,False
1,4,22,3.45,8.0,10.5,1,4.0,1,13.5,7.0,8.0,1,False,True,False
3,5,21,3.41,12.0,13.5,1,4.0,1,2.0,5.0,6.0,5,True,False,False
4,4,25,3.45,3.0,11.6,1,4.0,1,5.5,4.0,3.0,3,False,True,False
4,4,23,3.45,17.5,15.0,1,4.0,0,0.0,7.0,3.0,4,False,True,False
1,3,20,3.45,3.0,9.0,0,0.0,1,5.5,7.0,8.0,4,False,True,False
1,5,22,3.45,3.0,13.0,0,0.0,0,0.0,5.0,3.0,3,False,True,False
1,4,22,0.0,8.0,9.0,0,0.0,0,0.0,8.0,1.0,3,False,True,False
4,5,23,3.45,32.5,14.0,0,0.0,0,0.0,6.0,8.0,5,False,True,False
1,5,21,3.45,24.5,10.0,1,4.0,0,0.0,5.0,5.0,1,False,True,False
2,5,22,3.45,8.0,13.0,0,0.0,1,5.5,6.0,6.0,5,False,True,False
1,3,22,3.45,3.0,10.5,1,4.0,0,0.0,4.0,5.0,1,False,True,False
1,2,20,3.45,8.0,10.5,1,4.0,0,0.0,6.0,3.0,5,False,True,False
2,3,21,2.81,12.0,9.0,0,0.0,0,0.0,3.0,4.0,3,False,True,False
1,4,20,3.08,3.0,9.0,0,0.0,0,0.0,6.0,9.0,3,False,True,False
1,2,21,3.45,45.0,11.0,0,0.0,0,0.0,5.0,5.0,5,False,True,False
1,3,20,3.45,12.0,11.5,0,0.0,0,0.0,7.0,8.0,4,False,True,False
1,4,19,3.45,8.0,11.5,1,4.0,0,0.0,4.0,2.0,4,True,False,False
1,1,22,3.45,8.0,11.0,1,6.0,1,5.5,5.0,5.0,3,False,True,False
1,3,20,3.45,8.0,9.0,0,0.0,0,0.0,7.0,3.0,3,True,False,False
1,2,22,3.45,3.0,10.5,0,0.0,0,0.0,7.0,5.0,2,False,True,False
1,5,21,3.45,3.0,10.0,0,0.0,0,0.0,8.0,10.0,4,True,False,False
1,4,21,3.75,3.0,13.0,0,0.0,1,5.5,8.0,10.0,5,True,False,False
1,5,21,3.45,8.0,10.5,0,0.0,1,5.5,6.0,8.0,3,False,True,False
1,4,20,3.45,17.5,10.5,0,0.0,0,0.0,5.0,3.0,3,True,False,False
4,5,23,2.75,12.0,11.6,0,0.0,0,0.0,6.0,5.0,4,True,False,False
2,3,21,3.64,3.0,11.5,1,4.0,0,0.0,6.0,2.0,3,True,False,False
4,5,24,3.45,12.0,17.0,0,0.0,1,2.0,5.0,4.0,5,True,False,False
1,5,19,3.45,8.0,12.0,0,0.0,1,5.5,5.0,3.0,5,False,True,False
2,2,24,3.38,8.0,12.0,1,4.0,0,0.0,5.0,5.0,1,True,False,False
1,5,19,3.45,24.5,10.5,0,0.0,0,0.0,6.0,6.0,4,False,True,False
1,3,19,2.07,3.0,6.0,1,4.0,0,0.0,8.0,7.0,5,False,True,False
2,3,21,3.02,3.0,12.0,1,4.0,0,0.0,8.0,9.0,5,False,True,False
3,4,22,3.56,8.0,9.0,1,4.0,0,0.0,5.0,4.0,5,True,False,False
1,3,19,3.45,8.0,10.5,1,4.0,0,0.0,7.0,7.0,3,False,True,False
1,2,20,3.45,65.5,20.0,0,0.0,0,0.0,4.0,3.0,4,True,False,False
1,4,22,3.67,8.0,12.0,0,0.0,1,9.5,6.0,7.0,3,False,True,False
2,5,22,3.45,8.0,0.0,0,0.0,0,0.0,3.0,1.0,5,True,False,False
1,5,21,3.45,17.5,10.5,0,0.0,0,0.0,3.0,4.0,4,False,True,False
2,5,21,3.45,3.0,10.0,0,0.0,0,0.0,6.0,2.0,4,True,False,False
1,4,20,3.13,12.0,10.0,1,4.0,1,9.5,4.0,4.0,2,True,False,False
2,5,21,3.58,3.0,11.0,1,6.0,1,5.5,5.0,7.0,3,False,True,False
1,5,21,3.45,17.5,11.0,1,4.0,0,0.0,8.0,8.0,3,False,True,False
3,4,23,3.45,3.0,11.6,1,14.0,0,0.0,5.0,3.0,1,False,True,False
3,5,22,3.79,12.0,18.0,1,4.0,0,0.0,6.0,4.0,5,True,False,False
2,5,72,3.45,65.5,10.0,0,0.0,0,0.0,5.0,4.0,2,False,False,True
1,4,21,3.45,3.0,10.5,0,0.0,0,0.0,6.0,5.0,3,False,True,False
2,5,22,3.63,17.5,10.0,1,4.0,1,9.5,5.0,3.0,5,True,False,False
2,5,22,3.3,3.0,9.0,1,4.0,1,9.5,5.0,5.0,5,False,True,False
1,5,21,3.45,32.5,3.0,0,0.0,0,0.0,8.0,8.0,5,True,False,False
1,4,22,3.32,32.5,9.0,0,0.0,0,0.0,7.0,4.0,4,False,True,False
1,5,21,3.64,24.5,13.0,1,4.0,0,0.0,6.0,5.0,5,False,True,False
1,5,21,3.45,3.0,0.0,1,4.0,1,5.5,5.0,4.0,4,True,False,False
2,5,18,3.25,65.5,19.0,0,0.0,0,0.0,8.0,1.0,5,False,True,False
1,4,22,2.0,3.0,9.0,0,0.0,1,2.0,8.0,5.0,5,False,True,False
1,4,21,3.45,8.0,9.0,0,0.0,1,9.5,3.0,5.0,5,True,False,False
2,4,22,3.5,12.0,9.0,1,4.0,1,17.5,5.0,5.0,4,False,True,False
1,4,20,3.45,3.0,10.0,1,4.0,0,0.0,5.0,3.0,4,False,True,False
2,3,22,3.25,3.0,11.5,0,0.0,0,0.0,8.0,7.0,3,True,False,False
1,3,20,3.45,3.0,9.0,1,6.0,0,0.0,3.0,1.0,5,True,False,False
1,4,20,3.45,12.0,9.0,0,0.0,0,0.0,7.0,10.0,4,True,False,False
1,2,19,4.0,3.0,11.5,1,6.0,1,5.5,4.0,1.0,5,False,True,False
3,2,23,3.08,3.0,9.0,1,8.0,0,0.0,5.0,10.0,2,False,True,False
3,5,22,3.45,8.0,12.5,0,0.0,0,0.0,6.0,4.0,5,True,False,False
1,5,21,3.45,3.0,10.0,1,4.0,1,2.0,3.0,1.0,5,False,True,False
1,3,21,3.45,8.0,10.5,0,0.0,1,13.5,6.0,6.0,3,False,True,False
1,5,20,3.45,8.0,12.0,0,0.0,0,0.0,5.0,3.0,4,True,False,False
1,3,20,3.76,8.0,10.0,0,0.0,1,2.0,6.0,8.0,4,True,False,False
4,3,26,2.66,3.0,2.67,1,6.0,0,0.0,5.0,4.0,5,False,True,False
1,4,22,3.45,8.0,13.0,1,4.0,1,2.0,5.0,6.0,5,True,False,False
1,3,22,3.45,3.0,14.5,0,0.0,0,0.0,3.0,9.0,3,False,True,False
4,5,24,3.03,3.0,15.0,0,0.0,0,0.0,4.0,1.0,3,False,True,False
1,5,21,2.93,3.0,13.0,0,0.0,1,9.5,5.0,4.0,5,True,False,False
1,5,20,3.45,8.0,10.5,0,0.0,0,0.0,7.0,7.0,5,False,True,False
1,5,22,3.45,12.0,10.0,0,0.0,0,0.0,6.0,5.0,5,False,True,False
3,5,22,3.45,24.5,13.0,1,8.0,1,13.5,5.0,6.0,5,False,True,False
1,5,20,3.45,17.5,10.5,0,0.0,0,0.0,6.0,3.0,5,False,True,False
1,4,20,3.45,24.5,10.5,1,6.0,1,5.5,7.0,7.0,4,False,True,False
3,3,22,3.46,8.0,10.5,0,0.0,1,9.5,5.0,1.0,5,False,True,False
1,4,19,3.45,12.0,10.5,0,0.0,0,0.0,5.0,7.0,3,True,False,False
1,5,21,3.5,45.0,10.0,1,4.0,0,0.0,3.0,1.0,4,False,True,False
1,4,21,3.45,24.5,3.0,0,0.0,0,0.0,6.0,5.0,3,False,True,False
3,3,22,3.55,12.0,11.5,1,4.0,1,2.0,7.0,8.0,3,False,True,False
1,5,20,3.64,3.0,9.0,0,0.0,1,28.5,8.0,5.0,1,False,True,False
1,3,20,3.45,3.0,10.5,0,0.0,0,0.0,5.0,1.0,2,False,True,False
2,5,21,3.29,8.0,11.0,0,0.0,1,9.5,5.0,5.0,4,False,True,False
2,2,21,3.45,3.0,13.0,1,4.0,1,2.0,6.0,5.0,1,False,True,False
1,5,20,3.45,12.0,7.0,1,4.0,0,0.0,4.0,3.0,4,False,True,False
3,4,21,3.45,12.0,10.0,1,14.0,1,2.0,4.0,2.0,5,False,True,False
2,5,21,3.45,12.0,10.0,0,0.0,1,5.5,5.0,3.0,5,False,True,False
2,2,23,3.45,3.0,9.0,1,8.0,0,0.0,8.0,3.0,4,False,True,False
3,5,20,3.33,24.5,10.0,1,6.0,1,5.5,5.0,7.0,3,True,False,False
1,4,21,3.45,12.0,10.0,0,0.0,0,0.0,4.0,4.0,5,True,False,False
1,5,20,3.45,38.0,21.0,1,4.0,0,0.0,3.0,1.0,5,False,True,False
4,5,23,3.45,3.0,11.0,0,0.0,1,21.5,6.0,3.0,4,True,False,False
2,3,23,3.33,12.0,10.0,1,8.0,1,2.0,7.0,9.0,2,True,False,False
1,5,20,2.71,3.0,10.0,0,0.0,1,9.5,5.0,2.0,5,True,False,False
1,1,22,3.45,8.0,15.0,1,6.0,0,0.0,4.0,1.0,5,False,True,False
2,5,21,2.92,3.0,11.0,1,4.0,0,0.0,3.0,1.0,5,False,True,False
4,4,24,3.45,8.0,22.0,1,6.0,1,2.0,6.0,6.0,4,False,True,False
2,5,21,3.45,3.0,11.0,1,4.0,0,0.0,5.0,6.0,5,False,True,False
4,5,25,3.8,3.0,15.0,0,0.0,1,21.5,5.0,4.0,4,True,False,False
4,4,22,3.45,3.0,22.0,0,0.0,0,0.0,6.0,7.0,3,True,False,False
1,5,23,3.6,3.0,16.0,0,0.0,1,17.5,6.0,5.0,5,True,False,False
2,5,23,3.34,3.0,12.0,0,0.0,1,2.0,6.0,5.0,3,False,True,False
3,5,23,3.45,8.0,9.0,1,4.0,0,0.0,8.0,6.0,4,False,True,False
3,4,23,3.45,3.0,9.0,0,0.0,1,5.5,6.0,6.0,3,False,True,False
3,5,23,3.15,3.0,12.0,1,10.0,0,0.0,3.0,1.0,5,True,False,False
1,5,19,3.45,8.0,0.0,1,6.0,1,13.5,4.0,3.0,5,False,True,False
4,4,25,3.45,3.0,12.0,0,0.0,1,13.5,6.0,4.0,3,True,False,False
4,5,23,3.45,3.0,12.0,1,14.0,1,5.5,4.0,2.0,1,True,False,False
4,3,25,3.1,3.0,12.0,0,0.0,1,2.0,8.0,10.0,1,True,False,False
4,3,23,2.9,3.0,15.0,0,0.0,0,0.0,5.0,6.0,4,True,False,False
3,5,24,3.45,8.0,12.0,1,4.0,1,5.5,4.0,3.0,4,False,True,False
2,1,23,3.0,3.0,10.5,0,0.0,0,0.0,8.0,8.0,4,False,True,False
1,5,20,3.45,8.0,6.0,0,0.0,1,13.5,3.0,6.0,5,False,True,False
1,4,20,3.21,8.0,9.0,0,0.0,0,0.0,4.0,3.0,5,True,False,False
4,3,24,3.45,17.5,9.0,1,10.0,1,21.5,6.0,6.0,1,False,True,False
2,4,23,3.45,8.0,15.0,0,0.0,0,0.0,8.0,10.0,5,True,False,False
4,5,22,3.45,3.0,12.0,0,0.0,1,2.0,3.0,3.0,5,True,False,False
4,4,24,3.45,12.0,13.0,0,0.0,0,0.0,6.0,6.0,4,True,False,False
4,5,25,3.0,55.5,16.0,1,4.0,0,0.0,5.0,9.0,4,False,True,False
2,5,21,3.55,3.0,18.0,0,0.0,0,0.0,6.0,7.0,5,True,False,False
1,5,20,3.45,24.5,11.0,1,4.0,0,0.0,4.0,1.0,4,False,True,False
4,5,25,3.45,3.0,17.0,0,0.0,0,0.0,7.0,4.0,3,True,False,False
3,5,25,3.17,24.5,12.0,1,4.0,1,2.0,4.0,10.0,1,False,True,False
4,5,23,2.78,38.0,14.0,0,0.0,0,0.0,5.0,3.0,5,False,True,False
1,5,21,3.3,32.5,14.0,0,0.0,0,0.0,5.0,7.0,4,False,True,False
3,3,24,3.75,17.5,12.0,1,14.0,1,9.5,5.0,10.0,1,False,True,False
4,5,23,3.64,8.0,11.6,1,4.0,0,0.0,5.0,4.0,5,True,False,False
1,5,22,3.97,3.0,13.5,0,0.0,1,13.5,5.0,6.0,4,False,True,False
1,5,20,3.92,3.0,13.5,0,0.0,1,5.5,6.0,9.0,3,True,False,False
1,4,21,3.45,17.5,11.0,1,4.0,0,0.0,4.0,3.0,4,True,False,False
3,5,24,3.45,8.0,12.0,1,14.0,0,0.0,4.0,4.0,5,False,True,False
1,5,16,3.78,17.5,12.5,0,0.0,1,13.5,5.0,8.0,5,False,True,False
4,5,25,3.45,3.0,12.0,1,4.0,1,5.5,5.0,6.0,3,False,True,False
4,5,23,3.56,3.0,9.0,1,8.0,1,21.5,4.0,3.0,4,True,False,False
3,4,23,3.45,3.0,12.0,1,6.0,0,0.0,5.0,5.0,4,False,True,False
1,5,21,3.45,3.0,11.5,0,0.0,0,0.0,5.0,4.0,3,False,True,False
1,5,21,3.59,3.0,11.5,0,0.0,0,0.0,5.0,4.0,3,False,True,False
4,5,25,3.45,65.5,15.0,0,0.0,0,0.0,4.0,3.0,5,True,False,False
4,5,22,3.45,65.5,14.0,1,4.0,0,0.0,4.0,3.0,5,True,False,False
1,3,21,3.39,3.0,12.0,0,0.0,0,0.0,7.0,5.0,3,True,False,False
2,5,21,3.45,17.5,11.0,0,0.0,1,5.5,3.0,2.0,5,True,False,False
2,5,21,3.45,17.5,11.0,0,0.0,0,0.0,3.0,2.0,5,True,False,False
2,3,21,3.8,17.5,9.0,0,0.0,0,0.0,7.0,8.0,3,False,True,False
1,3,22,3.44,3.0,9.0,0,0.0,1,9.5,8.0,9.0,3,True,False,False
4,5,22,3.6,3.0,12.0,1,4.0,0,0.0,5.0,7.0,3,False,True,False
2,5,23,3.45,12.0,12.0,1,4.0,1,5.5,4.0,5.0,3,False,True,False
2,5,23,3.45,12.0,9.0,1,4.0,0,0.0,3.0,10.0,5,False,True,False
2,5,21,3.66,8.0,12.0,1,4.0,1,5.5,4.0,2.0,5,True,False,False
4,5,25,3.67,24.5,12.0,0,0.0,0,0.0,3.0,1.0,5,False,True,False
4,3,24,3.45,3.0,9.0,0,0.0,1,28.5,3.0,4.0,3,False,True,False
1,3,22,3.45,8.0,10.0,0,0.0,0,0.0,5.0,3.0,5,True,False,False
2,5,22,3.45,3.0,12.0,1,4.0,0,0.0,6.0,4.0,3,False,True,False
1,5,25,3.45,8.0,12.0,0,0.0,1,5.5,6.0,6.0,4,False,True,False
2,5,21,3.09,3.0,12.0,0,0.0,0,0.0,4.0,4.0,4,True,False,False
4,3,23,3.45,8.0,12.0,1,4.0,0,0.0,6.0,4.0,3,True,False,False
4,5,24,3.25,8.0,12.0,1,4.0,1,9.5,5.0,6.0,3,False,True,False
3,5,23,3.99,3.0,15.0,1,4.0,1,2.0,3.0,1.0,5,False,True,False
3,5,23,3.45,12.0,12.0,1,4.0,0,0.0,7.0,5.0,4,False,True,False
3,5,22,3.74,8.0,9.0,1,4.0,0,0.0,6.0,5.0,4,True,False,False
3,5,22,3.45,8.0,13.0,0,0.0,0,0.0,4.0,4.0,5,False,True,False
3,4,22,3.45,8.0,12.0,1,4.0,0,0.0,7.0,6.0,4,True,False,False
3,5,22,3.47,3.0,12.0,0,0.0,0,0.0,5.0,5.0,5,False,True,False
4,5,26,3.88,32.5,9.0,0,0.0,0,0.0,6.0,4.0,4,True,False,False
2,5,22,3.73,8.0,11.0,0,0.0,0,0.0,4.0,5.0,4,False,True,False
4,4,23,3.45,12.0,13.0,1,4.0,0,0.0,4.0,5.0,2,False,True,False
4,5,24,2.93,17.5,14.0,0,0.0,1,13.5,6.0,6.0,4,True,False,False
1,5,21,3.91,55.5,13.0,1,4.0,1,5.5,5.0,7.0,3,False,True,False
1,5,20,3.45,3.0,9.5,1,4.0,0,0.0,6.0,5.0,5,True,False,False
1,5,19,0.0,3.0,9.0,0,0.0,1,28.5,7.0,8.0,3,True,False,False
3,5,23,3.45,12.0,12.0,1,8.0,1,5.5,6.0,5.0,4,False,True,False
1,4,20,3.45,24.5,21.0,0,0.0,0,0.0,7.0,5.0,5,True,False,False
1,3,20,3.45,38.0,12.0,1,6.0,0,0.0,5.0,5.0,3,False,True,False
4,5,22,0.0,8.0,12.0,1,8.0,0,0.0,4.0,5.0,5,True,False,False
4,5,22,0.0,24.5,11.6,1,4.0,1,5.5,6.0,6.0,3,True,False,False
3,5,23,3.58,8.0,12.0,1,6.0,1,13.5,6.0,4.0,5,True,False,False
2,3,22,3.92,12.0,11.6,1,6.0,1,13.5,7.0,5.0,3,False,True,False
2,4,23,3.42,8.0,11.5,1,4.0,1,5.5,5.0,10.0,5,False,True,False
2,4,22,3.83,3.0,9.0,0,0.0,0,0.0,4.0,1.0,2,True,False,False
1,5,19,3.45,12.0,6.0,1,6.0,0,0.0,7.0,5.0,4,True,False,False
1,2,21,3.45,3.0,9.0,1,4.0,0,0.0,8.0,7.0,1,False,True,False
3,3,23,3.75,3.0,18.0,1,4.0,0,0.0,8.0,10.0,3,False,True,False
3,3,22,3.91,12.0,10.0,0,0.0,0,0.0,6.0,5.0,3,False,True,False
1,4,21,3.45,38.0,11.0,0,0.0,0,0.0,6.0,8.0,1,False,True,False
3,3,24,3.45,3.0,18.0,1,8.0,1,5.5,3.0,1.0,5,True,False,False
1,5,20,3.45,3.0,14.0,0,0.0,1,2.0,6.0,5.0,5,False,True,False
4,4,24,3.19,3.0,13.0,0,0.0,0,0.0,5.0,7.0,2,False,True,False
1,4,21,3.2,17.5,13.0,1,4.0,1,9.5,8.0,7.0,3,False,True,False
1,3,21,3.18,24.5,11.6,0,0.0,1,9.5,7.0,6.0,2,False,True,False
2,4,22,3.4,12.0,12.0,1,8.0,0,0.0,7.0,7.0,2,False,True,False
1,4,21,3.45,12.0,11.0,0,0.0,0,0.0,6.0,6.0,4,False,True,False
1,4,22,3.45,3.0,3.0,0,0.0,0,0.0,5.0,6.0,3,False,True,False
1,2,19,3.93,12.0,13.0,1,4.0,0,0.0,5.0,3.0,4,True,False,False
2,3,20,3.55,38.0,11.6,1,4.0,1,9.5,6.0,7.0,4,True,False,False
4,5,24,4.0,12.0,12.0,1,14.0,1,21.5,7.0,7.0,2,False,True,False
3,4,22,3.37,3.0,18.0,1,10.0,0,0.0,7.0,6.0,3,True,False,False
1,4,20,3.18,17.5,12.0,0,0.0,0,0.0,5.0,5.0,4,False,True,False
1,4,21,3.0,17.5,11.0,1,4.0,0,0.0,4.0,3.0,3,True,False,False
1,3,19,3.45,8.0,10.5,1,4.0,0,0.0,5.0,5.0,5,True,False,False
4,4,26,2.8,8.0,12.0,1,4.0,1,9.5,5.0,7.0,3,False,True,False
3,4,23,3.74,12.0,14.0,1,4.0,1,5.5,6.0,10.0,3,False,True,False
2,4,22,3.45,8.0,9.0,0,0.0,0,0.0,6.0,6.0,4,True,False,False
1,5,21,3.69,3.0,12.0,0,0.0,0,0.0,5.0,9.0,3,False,True,False
2,4,21,3.5,3.0,9.0,0,0.0,1,2.0,6.0,6.0,4,True,False,False
1,4,21,3.78,12.0,10.0,0,0.0,0,0.0,6.0,6.0,4,True,False,False
1,4,21,3.45,17.5,15.0,0,0.0,0,0.0,7.0,1.0,3,False,True,False
2,5,20,3.45,17.5,19.0,0,0.0,0,0.0,8.0,5.0,5,False,True,False
3,5,22,3.45,3.0,9.0,0,0.0,0,0.0,6.0,4.0,4,True,False,False
3,5,23,3.74,24.5,3.0,1,4.0,1,5.5,5.0,5.0,5,False,True,False
4,5,26,3.45,12.0,12.0,0,0.0,0,0.0,3.0,1.0,5,True,False,False
4,3,24,3.45,12.0,12.0,1,4.0,0,0.0,8.0,10.0,3,False,True,False
1,3,21,3.78,3.0,18.0,0,0.0,0,0.0,4.0,2.0,1,False,True,False
2,4,20,3.45,12.0,9.0,1,4.0,0,0.0,5.0,8.0,5,True,False,False
1,3,21,3.45,17.5,10.5,0,0.0,1,9.5,5.0,8.0,3,False,True,False
2,5,23,2.4,3.0,10.0,0,0.0,0,0.0,4.0,1.0,3,True,False,False
4,5,23,3.93,24.5,12.0,1,8.0,1,21.5,4.0,5.0,5,True,False,False
4,2,23,3.45,3.0,9.0,1,10.0,0,0.0,8.0,7.0,4,False,True,False
4,5,23,3.45,17.5,12.0,1,4.0,1,17.5,4.0,3.0,4,False,True,False
1,2,21,3.45,8.0,14.0,1,4.0,0,0.0,3.0,7.0,4,True,False,False
1,3,21,3.56,8.0,18.0,0,0.0,0,0.0,6.0,10.0,3,False,True,False
1,5,21,3.45,12.0,10.0,1,4.0,0,0.0,5.0,4.0,5,False,True,False
4,5,22,5.0,65.5,11.6,1,14.0,1,28.5,8.0,10.0,5,False,False,True
1,5,21,3.95,12.0,15.0,1,4.0,1,9.5,7.0,4.0,3,False,True,False
3,4,22,3.6,8.0,11.0,0,0.0,1,5.5,5.0,4.0,4,True,False,False
3,5,22,3.45,17.5,12.0,1,6.0,1,13.5,4.0,3.0,5,True,False,False
1,3,20,3.45,8.0,9.0,0,0.0,0,0.0,6.0,5.0,3,False,True,False
3,4,23,3.45,12.0,11.0,1,8.0,0,0.0,4.0,4.0,4,False,True,False
4,3,23,3.84,3.0,3.0,1,4.0,0,0.0,6.0,8.0,4,False,True,False
3,4,23,3.25,32.5,10.0,0,0.0,1,25.5,6.0,6.0,4,True,False,False
3,5,23,3.45,8.0,11.6,1,6.0,1,5.5,7.0,7.0,4,False,True,False
1,4,21,3.45,8.0,9.0,1,6.0,1,2.0,6.0,7.0,3,False,True,False
3,4,23,3.56,3.0,13.0,1,14.0,0,0.0,4.0,2.0,4,False,True,False
4,5,25,3.45,24.5,15.0,1,8.0,1,9.5,5.0,5.0,3,False,True,False
3,3,23,3.45,12.0,11.6,1,4.0,1,9.5,6.0,6.0,4,False,True,False
1,3,21,3.45,8.0,10.0,0,0.0,0,0.0,7.0,6.0,3,False,True,False
1,3,21,4.0,32.5,14.0,1,6.0,0,0.0,6.0,4.0,3,False,True,False
3,3,23,3.35,3.0,12.0,0,0.0,1,2.0,7.0,8.0,2,True,False,False
4,5,25,2.88,32.5,13.0,0,0.0,0,0.0,4.0,5.0,4,False,True,False
4,4,24,3.45,17.5,12.0,1,4.0,0,0.0,6.0,6.0,4,False,True,False
3,5,24,3.01,17.5,10.0,1,8.0,0,0.0,6.0,7.0,3,False,True,False
4,4,23,2.91,3.0,11.6,1,4.0,1,28.5,4.0,5.0,1,False,True,False
3,3,24,3.8,3.0,12.0,0,0.0,1,2.0,6.0,10.0,3,False,True,False
4,4,23,3.45,8.0,6.0,0,0.0,1,5.5,5.0,8.0,4,False,True,False
1,2,21,3.45,8.0,10.0,1,4.0,1,9.5,3.0,4.0,1,False,True,False
2,3,22,3.5,12.0,12.0,1,14.0,1,5.5,6.0,6.0,4,False,True,False
2,2,23,3.45,8.0,15.0,1,8.0,0,0.0,4.0,10.0,1,False,True,False
3,4,24,3.31,24.5,12.0,0,0.0,0,0.0,5.0,5.0,4,False,True,False
1,3,19,3.45,17.5,13.0,1,4.0,0,0.0,6.0,8.0,3,False,True,False
1,4,21,3.8,3.0,13.5,0,0.0,0,0.0,5.0,6.0,4,False,True,False
1,5,22,3.45,8.0,10.0,1,4.0,0,0.0,6.0,5.0,4,False,True,False
1,3,20,3.45,3.0,10.0,0,0.0,0,0.0,7.0,10.0,3,False,True,False
1,4,21,3.03,12.0,11.0,0,0.0,1,5.5,5.0,4.0,5,False,True,False
1,3,21,3.76,8.0,11.0,0,0.0,0,0.0,4.0,4.0,2,False,True,False
1,4,20,2.65,12.0,11.0,0,0.0,0,0.0,5.0,6.0,4,False,True,False
1,5,20,3.41,12.0,11.0,0,0.0,0,0.0,5.0,4.0,5,False,True,False
1,3,20,3.64,8.0,11.5,1,4.0,0,0.0,6.0,6.0,3,False,True,False
1,5,18,3.45,3.0,10.0,0,0.0,0,0.0,6.0,6.0,2,False,True,False
1,4,21,3.25,3.0,11.0,0,0.0,1,5.5,8.0,7.0,3,True,False,False
1,5,20,3.45,8.0,11.0,1,4.0,0,0.0,7.0,7.0,4,False,True,False
1,3,21,3.45,3.0,10.0,0,0.0,0,0.0,5.0,6.0,2,True,False,False
2,2,21,3.45,3.0,9.0,1,6.0,0,0.0,6.0,5.0,2,False,True,False
1,5,22,3.45,12.0,11.0,1,4.0,0,0.0,5.0,4.0,2,False,True,False
1,3,18,3.45,3.0,14.0,0,0.0,0,0.0,7.0,9.0,2,True,False,False
3,4,24,3.54,3.0,4.0,0,0.0,0,0.0,7.0,6.0,3,True,False,False
3,4,22,3.89,3.0,14.5,0,0.0,1,28.5,5.0,5.0,4,False,True,False
3,4,23,3.61,3.0,12.5,0,0.0,1,2.0,4.0,3.0,4,True,False,False
3,4,21,3.76,3.0,14.5,0,0.0,1,5.5,4.0,5.0,3,False,True,False
3,5,21,3.9,3.0,11.5,0,0.0,0,0.0,6.0,3.0,5,True,False,False
3,5,23,3.45,24.5,12.0,0,0.0,0,0.0,5.0,1.0,5,False,True,False
3,4,23,3.45,3.0,14.5,1,4.0,0,0.0,5.0,6.0,3,False,True,False
4,5,25,3.4,12.0,12.0,1,4.0,1,2.0,6.0,5.0,5,True,False,False
4,4,23,3.45,8.0,12.0,1,4.0,1,9.5,5.0,2.0,5,True,False,False
4,4,22,3.4,8.0,14.0,1,4.0,1,5.5,6.0,8.0,5,True,False,False
3,5,23,3.6,3.0,12.5,1,4.0,1,9.5,6.0,7.0,1,False,True,False
1,2,21,3.45,3.0,10.0,1,8.0,1,5.5,6.0,4.0,2,True,False,False
3,2,23,3.45,12.0,11.6,1,8.0,1,2.0,6.0,8.0,3,True,False,False
3,2,24,3.0,3.0,12.0,0,0.0,0,0.0,3.0,3.0,1,True,False,False
3,5,24,3.45,17.5,12.5,1,4.0,0,0.0,8.0,5.0,5,False,True,False
1,1,20,3.75,32.5,9.0,0,0.0,0,0.0,8.0,10.0,1,False,True,False
1,2,21,3.45,3.0,3.0,1,4.0,0,0.0,5.0,3.0,5,True,False,False
4,5,25,3.45,24.5,12.0,1,4.0,0,0.0,6.0,4.0,5,False,True,False
1,2,19,3.0,8.0,9.0,1,8.0,0,0.0,5.0,6.0,2,True,False,False
1,2,18,3.45,8.0,9.0,0,0.0,1,13.5,6.0,9.0,1,False,True,False
4,4,25,3.12,8.0,12.0,1,4.0,1,25.5,5.0,4.0,4,True,False,False
2,4,20,3.34,3.0,14.0,0,0.0,0,0.0,6.0,4.0,5,False,True,False
2,3,20,3.45,32.5,20.0,0,0.0,0,0.0,4.0,5.0,3,True,False,False
1,5,22,3.45,32.5,9.0,0,0.0,0,0.0,5.0,5.0,4,True,False,False
4,4,26,3.45,8.0,12.0,0,0.0,0,0.0,5.0,6.0,4,False,True,False
1,4,20,3.45,3.0,9.0,0,0.0,0,0.0,8.0,10.0,5,False,True,False
3,5,23,3.78,3.0,12.0,1,4.0,1,21.5,3.0,1.0,5,True,False,False
3,4,23,3.45,3.0,19.0,1,4.0,1,17.5,5.0,8.0,3,True,False,False
4,3,24,2.9,8.0,9.0,0,0.0,1,9.5,5.0,6.0,1,False,True,False
1,4,20,3.45,8.0,12.0,1,4.0,1,17.5,5.0,3.0,5,True,False,False
1,4,19,3.45,17.5,10.5,0,0.0,1,13.5,4.0,4.0,4,True,False,False
1,3,20,3.45,8.0,9.0,1,8.0,1,9.5,3.0,6.0,4,True,False,False
2,4,23,3.08,8.0,11.0,1,4.0,1,13.5,8.0,7.0,4,False,True,False
4,5,25,2.75,8.0,11.6,1,4.0,1,2.0,5.0,4.0,3,False,True,False
4,4,24,2.8,3.0,9.0,0,0.0,0,0.0,8.0,6.0,4,False,True,False
2,4,22,3.4,38.0,11.0,1,6.0,1,13.5,6.0,5.0,5,False,True,False
1,5,22,4.0,38.0,11.0,0,0.0,0,0.0,5.0,7.0,3,True,False,False
3,4,22,3.45,8.0,11.6,0,0.0,1,5.5,7.0,7.0,4,True,False,False
4,5,24,3.45,3.0,12.5,0,0.0,0,0.0,5.0,5.0,5,True,False,False
4,4,24,3.45,8.0,15.0,1,4.0,1,2.0,7.0,7.0,4,True,False,False
4,5,23,2.75,8.0,15.0,1,4.0,0,0.0,4.0,3.0,4,True,False,False
4,3,25,2.69,3.0,9.0,1,4.0,1,2.0,4.0,4.0,4,False,True,False
4,4,22,3.45,3.0,13.0,1,4.0,1,9.5,7.0,8.0,2,False,True,False
4,5,25,2.88,8.0,13.0,0,0.0,1,5.5,4.0,5.0,5,True,False,False
1,3,21,3.45,17.5,9.0,0,0.0,0,0.0,6.0,8.0,2,False,True,False
4,4,24,3.19,3.0,13.0,0,0.0,0,0.0,3.0,8.0,1,False,True,False
4,5,23,3.98,17.5,12.0,1,4.0,0,0.0,6.0,6.0,4,False,True,False
1,3,20,3.69,3.0,12.0,1,14.0,0,0.0,8.0,9.0,1,True,False,False
2,3,20,3.45,8.0,9.0,0,0.0,0,0.0,6.0,9.0,1,False,True,False
3,5,23,3.45,8.0,12.0,0,0.0,0,0.0,7.0,8.0,4,True,False,False
3,5,22,3.45,3.0,12.0,0,0.0,1,17.5,4.0,8.0,4,True,False,False
1,5,21,3.45,32.5,10.5,0,0.0,1,5.5,7.0,4.0,4,False,True,False
4,5,24,3.45,3.0,12.0,0,0.0,0,0.0,6.0,5.0,5,True,False,False
1,4,21,3.33,3.0,10.5,1,4.0,1,5.5,5.0,7.0,4,False,True,False
1,3,18,3.45,8.0,12.0,0,0.0,0,0.0,5.0,4.0,4,True,False,False
1,3,21,3.45,3.0,9.0,1,4.0,1,9.5,7.0,6.0,3,True,False,False
4,5,24,3.34,3.0,12.0,1,14.0,1,28.5,6.0,8.0,2,False,True,False
1,5,20,3.45,12.0,9.0,1,4.0,0,0.0,4.0,3.0,5,True,False,False
3,4,23,3.45,8.0,12.0,1,14.0,0,0.0,6.0,5.0,4,False,True,False
1,4,21,3.45,3.0,9.0,1,4.0,0,0.0,3.0,5.0,4,True,False,False
2,5,20,3.97,38.0,11.5,0,0.0,1,13.5,5.0,6.0,5,False,True,False
3,5,23,3.45,3.0,12.0,1,4.0,1,13.5,5.0,8.0,1,False,True,False
2,4,21,3.45,32.5,11.5,1,8.0,1,9.5,7.0,8.0,4,True,False,False
1,4,22,3.45,65.5,9.0,0,0.0,1,13.5,6.0,8.0,4,True,False,False
3,4,22,3.45,3.0,10.0,1,4.0,0,0.0,4.0,4.0,3,True,False,False
2,5,23,3.45,8.0,11.0,0,0.0,0,0.0,7.0,7.0,5,True,False,False
3,4,23,3.15,24.5,9.5,1,4.0,0,0.0,7.0,8.0,5,True,False,False
3,4,24,3.5,17.5,10.5,1,10.0,0,0.0,7.0,7.0,3,False,True,False
2,5,20,3.45,65.5,18.0,0,0.0,0,0.0,3.0,1.0,1,False,False,True
2,5,22,3.45,17.5,10.5,1,4.0,0,0.0,5.0,5.0,5,True,False,False
2,5,22,3.45,17.5,12.5,1,4.0,0,0.0,6.0,7.0,4,True,False,False
1,3,22,3.63,12.0,11.0,1,4.0,1,5.5,7.0,8.0,3,False,True,False
2,5,21,3.51,3.0,11.6,0,0.0,0,0.0,7.0,5.0,5,True,False,False
1,3,20,2.25,3.0,11.0,0,0.0,1,28.5,7.0,6.0,3,False,True,False
2,5,20,3.45,8.0,18.0,0,0.0,0,0.0,5.0,1.0,5,False,False,True
1,3,21,3.45,12.0,11.0,0,0.0,0,0.0,8.0,5.0,4,False,True,False
1,5,22,3.45,12.0,1.0,1,4.0,1,21.5,3.0,3.0,5,False,True,False
1,3,21,3.45,3.0,10.5,1,4.0,0,0.0,7.0,10.0,1,False,True,False
1,5,21,3.97,3.0,11.0,0,0.0,1,13.5,6.0,7.0,4,True,False,False
1,2,21,3.45,8.0,10.5,1,4.0,0,0.0,8.0,9.0,2,False,True,False
3,4,23,3.45,12.0,4.0,1,4.0,0,0.0,6.0,8.0,3,True,False,False
1,5,21,3.45,3.0,11.0,0,0.0,0,0.0,4.0,3.0,3,True,False,False
2,5,21,3.45,8.0,11.0,1,6.0,1,5.5,8.0,10.0,5,True,False,False
1,5,20,2.93,45.0,10.0,0,0.0,0,0.0,6.0,4.0,3,False,True,False
1,5,21,3.9,3.0,9.0,1,4.0,0,0.0,3.0,5.0,3,False,False,True
1,5,20,3.64,3.0,9.0,1,6.0,1,5.5,5.0,5.0,4,False,True,False
1,4,20,3.45,12.0,9.0,0,0.0,1,2.0,6.0,6.0,3,False,True,False
2,3,22,3.45,3.0,9.0,0,0.0,0,0.0,8.0,6.0,2,False,True,False
1,3,21,3.45,8.0,9.0,0,0.0,0,0.0,7.0,7.0,3,False,True,False
2,5,22,3.2,8.0,12.0,0,0.0,0,0.0,6.0,1.0,5,False,True,False
1,4,19,3.83,8.0,3.0,0,0.0,0,0.0,6.0,2.0,5,True,False,False
1,4,18,2.89,3.0,9.0,0,0.0,0,0.0,5.0,3.0,4,True,False,False
2,5,21,3.45,12.0,11.6,0,0.0,0,0.0,8.0,10.0,3,True,False,False
1,4,21,3.45,8.0,10.0,0,0.0,1,5.5,6.0,7.0,4,False,True,False
1,5,20,4.0,3.0,13.0,1,6.0,1,5.5,6.0,4.0,3,False,True,False
3,5,22,3.45,3.0,19.0,0,0.0,0,0.0,8.0,4.0,5,True,False,False
4,4,22,3.45,17.5,22.0,1,4.0,0,0.0,6.0,7.0,3,False,True,False
2,5,21,3.45,38.0,21.0,0,0.0,0,0.0,5.0,3.0,5,True,False,False
4,1,22,3.0,17.5,22.0,0,0.0,0,0.0,3.0,6.0,2,True,False,False
1,3,20,3.0,3.0,9.0,1,6.0,1,5.5,4.0,8.0,3,False,True,False
1,2,19,3.45,24.5,10.0,1,4.0,0,0.0,5.0,7.0,5,True,False,False
4,5,24,2.7,12.0,22.0,1,4.0,0,0.0,5.0,4.0,3,True,False,False
4,5,23,3.45,8.0,15.0,1,4.0,0,0.0,6.0,7.0,3,False,True,False
2,5,23,3.45,17.5,14.5,1,4.0,0,0.0,4.0,4.0,5,False,True,False
3,5,21,3.0,3.0,11.0,0,0.0,1,2.0,6.0,5.0,5,True,False,False
4,5,25,3.01,3.0,9.0,1,4.0,0,0.0,4.0,4.0,2,False,True,False
4,3,24,3.52,12.0,12.0,0,0.0,0,0.0,7.0,5.0,5,True,False,False
4,5,26,3.0,12.0,12.0,1,4.0,1,21.5,4.0,3.0,3,False,True,False
2,5,23,3.39,8.0,12.0,1,4.0,0,0.0,5.0,5.0,4,False,True,False
2,5,20,3.0,17.5,11.6,1,8.0,0,0.0,6.0,3.0,3,False,True,False
3,5,23,3.45,3.0,9.0,0,0.0,0,0.0,4.0,4.0,5,False,True,False
3,5,23,3.45,3.0,11.6,1,4.0,0,0.0,4.0,6.0,2,False,True,False
1,5,21,3.45,3.0,12.0,0,0.0,1,9.5,3.0,2.0,5,False,True,False
4,5,24,3.77,17.5,12.0,0,0.0,0,0.0,4.0,5.0,5,False,True,False
4,5,25,3.45,17.5,9.0,1,4.0,0,0.0,6.0,6.0,3,False,True,False
1,5,20,3.45,3.0,10.0,1,4.0,0,0.0,5.0,7.0,3,False,True,False
1,5,20,4.58,8.0,9.0,1,4.0,1,5.5,4.0,1.0,5,True,False,False
3,5,23,2.97,3.0,14.0,1,4.0,0,0.0,4.0,4.0,3,False,True,False
1,5,24,3.5,3.0,9.0,1,4.0,0,0.0,5.0,4.0,5,False,True,False
1,5,21,3.45,8.0,9.0,1,8.0,1,13.5,4.0,1.0,1,True,False,False
1,5,19,3.45,8.0,9.0,0,0.0,0,0.0,6.0,8.0,4,True,False,False
1,4,22,3.45,3.0,9.0,1,10.0,1,17.5,7.0,1.0,4,False,True,False
1,1,21,3.33,3.0,21.0,0,0.0,0,0.0,4.0,1.0,1,True,False,False
1,5,20,4.0,3.0,21.0,1,4.0,0,0.0,6.0,1.0,5,True,False,False
1,5,22,3.45,65.5,3.0,1,10.0,0,0.0,3.0,3.0,5,False,True,False
1,3,21,3.45,8.0,9.0,0,0.0,0,0.0,6.0,4.0,4,True,False,False
1,5,23,3.45,3.0,9.0,0,0.0,1,21.5,5.0,2.0,3,False,True,False
4,5,27,3.89,8.0,12.0,1,4.0,1,21.5,4.0,6.0,3,False,True,False
1,4,20,3.45,17.5,9.0,1,4.0,0,0.0,7.0,7.0,3,False,True,False
3,5,24,3.8,3.0,3.0,0,0.0,0,0.0,3.0,1.0,1,True,False,False
2,5,22,3.5,12.0,9.0,0,0.0,0,0.0,6.0,10.0,3,True,False,False
3,4,24,3.35,8.0,9.0,1,4.0,1,5.5,5.0,5.0,5,True,False,False
2,5,21,3.75,8.0,18.0,1,4.0,1,9.5,6.0,5.0,5,False,True,False
3,5,23,3.5,3.0,12.0,1,4.0,0,0.0,3.0,1.0,5,True,False,False
2,4,24,3.44,17.5,11.6,1,4.0,1,13.5,4.0,7.0,1,False,True,False
4,5,22,3.72,3.0,12.0,1,4.0,1,5.5,6.0,5.0,5,True,False,False
3,5,23,3.45,24.5,12.0,1,6.0,0,0.0,4.0,1.0,4,False,True,False
2,5,20,3.3,12.0,18.0,1,4.0,0,0.0,6.0,7.0,4,False,True,False
2,4,22,3.45,17.5,11.0,0,0.0,0,0.0,7.0,7.0,3,False,True,False
4,5,23,4.0,3.0,9.0,1,10.0,0,0.0,8.0,3.0,5,False,True,False
4,1,24,3.55,3.0,12.0,0,0.0,1,9.5,8.0,10.0,4,False,True,False
4,2,25,3.45,3.0,12.0,0,0.0,1,5.5,5.0,1.0,4,True,False,False
1,4,20,3.45,17.5,12.0,1,6.0,0,0.0,6.0,5.0,4,True,False,False
1,3,21,3.45,8.0,9.0,1,4.0,1,5.5,5.0,4.0,1,False,True,False
4,3,25,3.45,3.0,6.0,0,0.0,1,5.5,6.0,5.0,3,True,False,False
4,5,30,4.0,65.5,15.0,1,14.0,1,28.5,8.0,10.0,5,False,False,True
4,1,23,3.45,3.0,6.0,1,4.0,1,21.5,6.0,7.0,4,True,False,False
1,5,22,3.45,12.0,12.0,0,0.0,0,0.0,4.0,4.0,4,False,True,False
1,5,20,3.63,8.0,12.0,0,0.0,0,0.0,4.0,4.0,4,True,False,False
1,5,21,3.45,12.0,12.0,0,0.0,0,0.0,4.0,4.0,4,False,True,False
2,3,22,3.6,38.0,17.0,1,4.0,0,0.0,8.0,8.0,5,False,True,False
1,5,22,3.45,8.0,12.0,1,4.0,0,0.0,6.0,7.0,4,False,True,False
4,5,24,3.5,3.0,9.0,1,14.0,0,0.0,3.0,1.0,1,False,True,False
3,3,25,2.71,3.0,11.0,0,0.0,1,5.5,3.0,10.0,1,False,True,False
3,3,23,3.09,12.0,11.6,1,4.0,1,5.5,5.0,10.0,2,False,True,False
3,3,25,3.45,8.0,8.0,1,6.0,1,9.5,4.0,5.0,2,False,True,False
1,5,21,3.45,32.5,11.0,0,0.0,0,0.0,5.0,4.0,4,True,False,False
1,4,21,3.45,45.0,11.0,1,4.0,0,0.0,5.0,5.0,3,False,True,False
4,5,24,3.94,3.0,12.0,1,8.0,0,0.0,5.0,6.0,4,True,False,False
3,5,22,3.45,3.0,10.0,1,14.0,0,0.0,6.0,7.0,4,False,True,False
3,4,22,3.45,17.5,11.0,0,0.0,0,0.0,6.0,7.0,3,False,True,False
3,5,22,2.95,17.5,15.0,1,4.0,1,9.5,6.0,7.0,4,False,True,False
1,3,21,3.45,8.0,10.0,1,6.0,0,0.0,4.0,5.0,4,False,True,False
1,4,21,3.7,8.0,12.0,1,4.0,0,0.0,5.0,2.0,4,False,True,False
4,5,24,3.45,8.0,12.0,0,0.0,0,0.0,4.0,4.0,5,True,False,False
1,5,20,3.75,24.5,12.0,0,0.0,1,13.5,4.0,2.0,4,True,False,False
2,5,21,3.45,3.0,9.0,1,6.0,1,2.0,5.0,5.0,5,True,False,False
4,4,24,3.44,8.0,9.0,1,4.0,1,13.5,7.0,9.0,4,True,False,False
4,4,23,3.36,3.0,12.0,0,0.0,1,9.5,5.0,5.0,4,True,False,False
4,4,24,2.78,8.0,12.0,1,4.0,0,0.0,6.0,5.0,4,False,True,False
3,4,22,3.45,17.5,11.0,1,4.0,0,0.0,6.0,5.0,3,True,False,False
1,4,21,3.45,3.0,14.0,1,4.0,0,0.0,7.0,7.0,4,True,False,False
2,4,22,3.9,8.0,9.0,1,8.0,1,5.5,6.0,7.0,4,False,True,False
1,4,21,3.85,24.5,14.0,1,4.0,0,0.0,7.0,7.0,4,False,True,False
1,4,21,3.7,3.0,10.0,0,0.0,0,0.0,6.0,7.0,4,False,True,False
2,3,23,3.45,3.0,14.0,0,0.0,0,0.0,8.0,8.0,3,False,True,False
1,3,21,3.45,12.0,11.5,0,0.0,0,0.0,8.0,5.0,2,False,True,False
1,4,20,3.45,12.0,11.0,1,4.0,0,0.0,5.0,3.0,3,False,True,False
2,5,22,3.65,8.0,11.6,1,4.0,0,0.0,8.0,7.0,3,False,True,False
1,5,20,3.45,24.5,11.0,1,4.0,1,13.5,6.0,3.0,4,False,True,False
2,4,23,3.45,38.0,19.0,0,0.0,0,0.0,7.0,6.0,4,True,False,False
1,2,20,3.45,17.5,11.0,0,0.0,0,0.0,5.0,5.0,3,False,True,False
1,5,20,3.11,24.5,11.0,1,4.0,0,0.0,6.0,4.0,4,False,True,False
1,3,19,3.45,9.0,9.0,0,0.0,0,0.0,4.0,5.0,5,True,False,False
1,4,19,3.45,5.0,9.0,0,0.0,0,0.0,2.0,2.0,5,False,True,False
2,3,20,3.45,4.0,13.0,0,0.0,0,0.0,5.0,3.0,3,True,False,False
2,3,20,3.45,7.0,10.0,0,0.0,0,0.0,3.0,4.0,5,True,False,False
4,4,23,3.45,10.0,9.0,0,0.0,0,0.0,7.0,2.0,1,False,True,False
1,3,21,3.45,5.0,10.0,0,0.0,0,0.0,5.0,3.0,5,True,False,False
1,5,21,3.45,3.0,10.5,0,0.0,0,0.0,5.0,2.0,4,True,False,False
1,3,21,3.45,3.0,11.5,0,0.0,0,0.0,5.0,3.0,3,True,False,False
3,3,22,3.45,2.0,13.0,0,0.0,1,8.0,8.0,7.0,3,True,False,False
3,5,23,3.52,7.0,9.0,0,0.0,0,0.0,8.0,7.0,4,False,True,False
2,5,22,3.45,15.0,9.0,0,0.0,0,0.0,8.0,9.0,3,False,True,False
2,4,21,3.49,18.5,11.0,0,0.0,0,0.0,6.0,7.5,4,False,True,False
1,5,21,3.45,3.0,10.5,0,0.0,0,0.0,5.0,4.0,4,False,True,False
1,4,21,2.4,3.0,13.5,0,0.0,0,0.0,8.0,2.0,4,True,False,False
1,3,21,3.45,10.0,10.0,0,0.0,1,10.0,8.0,10.0,1,False,True,False
4,4,24,3.45,6.0,12.0,0,0.0,0,0.0,6.5,6.0,5,False,True,False
1,1,24,3.25,1.0,13.0,0,0.0,0,0.0,7.0,10.0,5,False,True,False
1,4,21,3.17,2.0,9.0,1,1.0,0,0.0,4.0,1.0,5,False,True,False
1,5,20,3.38,5.0,9.0,0,0.0,0,0.0,6.0,5.0,5,True,False,False
1,2,20,3.45,1.0,9.0,1,1.0,0,0.0,10.0,10.0,2,True,False,False
4,1,25,3.67,0.5,11.0,0,0.0,0,0.0,9.0,10.0,1,False,True,False
1,4,20,3.45,10.0,9.0,0,0.0,0,0.0,5.0,2.0,5,True,False,False
2,4,22,3.45,8.0,12.0,1,2.0,0,0.0,6.0,4.0,4,True,False,False
1,4,19,3.45,10.0,10.0,0,0.0,0,0.0,4.0,2.0,5,False,True,False
3,4,22,3.9,20.0,12.0,0,0.0,0,0.0,6.0,7.0,4,False,True,False
3,2,22,3.45,7.0,12.0,0,0.0,0,0.0,8.0,8.0,2,False,True,False
1,5,22,3.45,7.0,11.5,0,0.0,0,0.0,5.0,0.0,5,False,True,False
1,4,21,3.45,7.0,11.5,0,0.0,0,0.0,4.0,7.0,4,True,False,False
1,1,21,3.45,0.0,9.0,0,0.0,0,0.0,6.0,8.0,1,False,True,False
1,4,21,3.45,0.0,12.0,0,0.0,0,0.0,4.0,0.0,1,False,True,False
1,4,20,3.5,5.0,9.0,0,0.0,0,0.0,5.0,0.0,5,True,False,False
1,3,21,3.45,15.0,9.0,0,0.0,0,0.0,8.0,10.0,1,False,True,False
1,4,21,3.45,13.0,9.0,0,0.0,0,0.0,8.0,8.0,5,True,False,False
1,5,23,3.45,8.0,9.0,0,0.0,0,0.0,7.0,8.0,5,False,True,False
1,5,21,3.45,1.0,9.0,1,3.0,0,0.0,4.0,2.0,5,True,False,False
1,1,20,3.45,3.0,9.0,1,1.0,0,0.0,10.0,10.0,1,False,True,False
3,4,21,3.88,16.0,12.5,1,2.0,1,15.0,3.0,2.0,4,True,False,False
3,5,23,3.45,0.5,10.0,1,5.0,0,0.0,6.0,8.0,1,False,True,False
3,2,24,3.45,0.5,11.0,1,1.0,0,0.0,6.0,10.0,1,False,True,False
1,4,23,3.45,2.0,9.0,1,1.0,0,0.0,7.0,8.0,5,False,True,False
2,3,24,3.68,24.0,11.0,0,0.0,0,0.0,5.0,4.0,4,False,True,False
2,4,21,3.0,2.0,14.0,0,0.0,0,0.0,12.0,9.5,3,True,False,False
2,3,21,3.11,10.0,10.0,0,0.0,0,0.0,10.0,5.0,3,True,False,False
2,3,22,3.92,21.0,12.0,1,4.0,0,0.0,8.0,7.0,3,True,False,False
2,2,21,3.69,5.0,12.0,1,4.0,0,0.0,3.0,4.0,2,True,False,False
4,4,25,3.11,2.0,14.0,0,0.0,0,0.0,6.0,5.0,5,False,True,False
2,1,22,3.45,0.5,9.0,1,6.0,0,0.0,8.0,8.0,1,False,True,False
3,1,25,3.5,2.0,10.0,1,6.0,0,0.0,6.0,6.0,1,False,True,False
3,2,23,3.23,2.0,13.0,0,0.0,1,12.0,6.0,6.0,4,True,False,False
2,1,21,3.21,3.0,14.0,0,0.0,0,0.0,8.0,8.0,2,True,False,False
1,2,21,3.58,1.5,9.0,0,0.0,1,6.0,6.0,6.0,2,True,False,False
1,1,22,3.75,2.0,10.0,0,0.0,0,0.0,5.0,5.0,3,True,False,False
1,3,22,3.75,2.0,11.0,0,0.0,0,0.0,6.0,5.0,3,True,False,False
1,5,20,3.45,5.0,9.0,0,0.0,0,0.0,5.0,3.0,5,True,False,False
1,4,21,3.45,6.0,9.0,1,4.0,1,9.0,4.0,3.0,2,False,True,False
1,3,20,3.45,6.0,9.0,0,0.0,0,0.0,8.0,3.0,3,True,False,False
1,4,20,3.45,6.0,10.5,0,0.0,0,0.0,7.0,8.0,3,True,False,False
2,3,22,3.45,6.0,9.0,1,1.0,0,0.0,5.0,6.0,4,True,False,False
3,4,22,3.45,18.0,12.0,1,3.0,0,0.0,6.0,1.0,4,True,False,False
2,4,22,3.45,9.023141654978962,12.0,1,2.0,0,0.0,8.0,3.0,4,True,False,False
1,2,22,3.92,2.0,12.0,0,0.0,0,0.0,7.0,9.0,1,False,True,False
1,2,20,3.5,2.0,12.0,0,0.0,0,0.0,8.0,6.0,3,True,False,False
1,4,21,3.92,4.0,12.0,0,0.0,0,0.0,8.0,7.0,5,True,False,False
2,2,21,3.45,3.0,13.0,0,0.0,0,0.0,8.0,9.5,2,True,False,False
2,4,22,3.45,2.0,9.0,0,0.0,0,0.0,8.0,10.0,5,True,False,False
3,4,21,3.45,5.0,14.0,0,0.0,0,0.0,7.0,8.0,5,True,False,False
3,5,21,3.45,5.0,13.0,1,1.0,0,0.0,5.0,5.0,5,True,False,False
3,5,18,3.45,5.0,12.5,1,2.0,0,0.0,4.0,2.0,5,False,True,False
3,5,23,3.92,1.0,12.0,0,0.0,0,0.0,3.0,1.0,5,False,True,False
3,5,23,3.45,5.0,15.0,1,7.0,0,0.0,5.0,3.0,5,False,True,False
1,2,22,3.94,5.0,10.5,1,8.0,0,0.0,6.0,7.0,4,False,True,False
1,3,20,3.45,3.0,10.0,0,0.0,0,0.0,4.0,2.0,3,True,False,False
4,4,24,3.41,10.0,14.0,0,0.0,0,0.0,5.0,6.0,3,False,True,False
4,1,25,2.96,0.0,12.0,1,12.0,0,0.0,6.0,10.0,1,False,True,False
3,5,24,2.96,0.0,11.5,0,0.0,0,0.0,6.0,7.5,5,False,True,False
1,4,21,3.2,3.0,11.0,0,0.0,1,1.5,10.0,6.5,3,False,True,False
4,5,23,3.12,7.0,15.0,0,0.0,0,0.0,4.0,2.0,5,True,False,False
3,3,22,3.9,10.0,11.5,0,0.0,0,0.0,7.0,8.0,3,True,False,False
